{
  "report": {
    "bsd detection time": 0,
    "ttc 2sec cnt": 0,
    "ttc 3sec cnt": 0,
    "ttc total cnt": 0,
    "passthrough time": 1.8
  },
  "communication": {
    "rate_by_distance": {
      "0~10": [
        "0.00",
        "1"
      ],
      "30~40": [
        "50.00",
        "8"
      ],
      "40~50": [
        "8.70",
        "23"
      ]
    }
  },
  "time_stamp": [
    1702358489.6863256,
    1702358489.7863238,
    1702358489.886321,
    1702358489.9863226,
    1702358490.0863218,
    1702358490.1863205,
    1702358490.2862923,
    1702358490.3863225,
    1702358490.486321,
    1702358490.5863175,
    1702358490.686327,
    1702358490.7863197,
    1702358490.8862896,
    1702358490.9863198,
    1702358491.0863202,
    1702358491.1863306,
    1702358491.2863152,
    1702358491.3863492
  ],
  "hlv_system": [
    [
      0.0,
      1.0,
      1.0,
      1000.0,
      0.001433999976143241,
      0.0,
      46.647972106933594
    ],
    [
      0.0,
      1.0,
      1.0,
      1000.0,
      0.001433999976143241,
      0.0,
      46.647972106933594
    ],
    [
      0.0,
      1.0,
      1.0,
      1000.0,
      0.001433999976143241,
      0.0,
      46.647972106933594
    ],
    [
      0.0,
      1.0,
      1.0,
      1000.0,
      0.001433999976143241,
      0.0,
      46.647972106933594
    ],
    [
      0.0,
      1.0,
      1.0,
      1000.0,
      0.0,
      0.0,
      46.647972106933594
    ],
    [
      0.0,
      1.0,
      1.0,
      1000.0,
      0.0,
      0.0,
      46.647972106933594
    ],
    [
      0.0,
      1.0,
      1.0,
      1000.0,
      0.0,
      0.0,
      46.647972106933594
    ],
    [
      0.0,
      1.0,
      1.0,
      1000.0,
      0.0,
      0.0,
      46.647972106933594
    ],
    [
      0.0,
      1.0,
      1.0,
      1000.0,
      0.0,
      0.0,
      46.647972106933594
    ],
    [
      0.0,
      1.0,
      1.0,
      1000.0,
      0.001433999976143241,
      0.0,
      46.647972106933594
    ],
    [
      0.0,
      1.0,
      1.0,
      1000.0,
      0.001433999976143241,
      0.0,
      46.647972106933594
    ],
    [
      0.0,
      1.0,
      1.0,
      1000.0,
      0.001433999976143241,
      0.0,
      46.647972106933594
    ],
    [
      0.0,
      1.0,
      1.0,
      1000.0,
      0.001433999976143241,
      0.0,
      46.647972106933594
    ],
    [
      0.0,
      1.0,
      1.0,
      1000.0,
      0.001433999976143241,
      0.0,
      46.647972106933594
    ],
    [
      0.0,
      1.0,
      1.0,
      1000.0,
      0.0,
      0.0,
      46.647972106933594
    ],
    [
      0.0,
      1.0,
      1.0,
      1000.0,
      0.0,
      0.0,
      46.647972106933594
    ],
    [
      0.0,
      1.0,
      1.0,
      1000.0,
      0.0,
      0.0,
      46.647972106933594
    ],
    [
      0.0,
      1.0,
      1.0,
      1000.0,
      0.0,
      0.0,
      46.647972106933594
    ]
  ],
  "ego": [
    [
      37.24558146500318,
      126.77516544168492,
      0.0
    ],
    [
      37.245581462086705,
      126.77516543940492,
      0.0
    ],
    [
      37.245581460823246,
      126.77516543800219,
      0.0
    ],
    [
      37.24558145527676,
      126.77516543945367,
      0.0
    ],
    [
      37.24558141737784,
      126.77516543932119,
      0.0
    ],
    [
      37.24558129976307,
      126.77516543902946,
      0.0
    ],
    [
      37.2455810631175,
      126.77516543819209,
      0.0
    ],
    [
      37.24558066797168,
      126.77516543677521,
      0.1953125
    ],
    [
      37.245580093705215,
      126.77516543356901,
      0.5381944444444444
    ],
    [
      37.24557933171462,
      126.77516543071835,
      0.78125
    ],
    [
      37.24557837333308,
      126.77516542311592,
      1.0373263888888888
    ],
    [
      37.24557722124597,
      126.77516541408961,
      1.2803819444444444
    ],
    [
      37.245576708355415,
      126.7751654095588,
      1.4973958333333333
    ],
    [
      37.24557438231314,
      126.77516538573676,
      1.6710069444444444
    ],
    [
      37.24557271119538,
      126.77516536857392,
      1.8793402777777777
    ],
    [
      37.24557087776488,
      126.77516536122587,
      2.052951388888889
    ],
    [
      37.24556889147375,
      126.77516535455052,
      2.2309027777777777
    ],
    [
      37.24556675777439,
      126.77516533635456,
      2.3914930555555554
    ]
  ],
  "target": [
    [
      37.2450884,
      126.775158,
      0.0
    ],
    [
      37.2450884,
      126.775158,
      0.0
    ],
    [
      37.2450884,
      126.775158,
      0.0
    ],
    [
      37.2450884,
      126.775158,
      0.0
    ],
    [
      37.2450884,
      126.775158,
      0.0
    ],
    [
      37.2450884,
      126.775158,
      0.0
    ],
    [
      37.2450884,
      126.775158,
      0.0
    ],
    [
      37.2450884,
      126.775158,
      0.0
    ],
    [
      37.2450884,
      126.775158,
      0.0
    ],
    [
      37.2450884,
      126.775158,
      0.0
    ],
    [
      37.2450884,
      126.775158,
      0.0
    ],
    [
      37.2450884,
      126.775158,
      0.0
    ],
    [
      37.2450884,
      126.775158,
      0.0
    ],
    [
      37.2450884,
      126.775158,
      0.0
    ],
    [
      37.2450884,
      126.775158,
      0.0
    ],
    [
      37.2450884,
      126.775158,
      0.0
    ],
    [
      37.2450884,
      126.775158,
      0.0
    ],
    [
      37.2450884,
      126.775158,
      0.0
    ]
  ],
  "ttc": [
    Infinity,
    Infinity,
    Infinity,
    Infinity,
    Infinity,
    Infinity,
    Infinity,
    Infinity,
    Infinity,
    Infinity,
    Infinity,
    Infinity,
    Infinity,
    Infinity,
    Infinity,
    Infinity,
    Infinity,
    Infinity
  ]
}