{
  "report": {
    "bsd detection time": 0,
    "ttc 2sec cnt": 0,
    "ttc 3sec cnt": 0,
    "ttc total cnt": 0,
    "passthrough time": 5.2
  },
  "communication": {
    "rate_by_distance": {
      "0~10": [
        "97.96",
        "98"
      ]
    }
  },
  "time_stamp": [
    1702271789.0711036,
    1702271789.1710677,
    1702271789.2711377,
    1702271789.3711343,
    1702271789.471134,
    1702271789.5711355,
    1702271789.671137,
    1702271789.7711363,
    1702271789.8711288,
    1702271789.9710648,
    1702271790.0711365,
    1702271790.1711056,
    1702271790.2711356,
    1702271790.3711352,
    1702271790.471134,
    1702271790.5711071,
    1702271790.6711392,
    1702271790.771136,
    1702271790.8711035,
    1702271790.9711378,
    1702271791.0711355,
    1702271791.1711075,
    1702271791.2710638,
    1702271791.371106,
    1702271791.4711378,
    1702271791.5711353,
    1702271791.6711454,
    1702271791.771136,
    1702271791.8711333,
    1702271791.9711363,
    1702271792.071067,
    1702271792.1711395,
    1702271792.2711055,
    1702271792.3711343,
    1702271792.471133,
    1702271792.5711346,
    1702271792.6711447,
    1702271792.7711363,
    1702271792.8711376,
    1702271792.971116,
    1702271793.0711107,
    1702271793.1710732,
    1702271793.271138,
    1702271793.371108,
    1702271793.4710326,
    1702271793.571104,
    1702271793.6711063,
    1702271793.7710774,
    1702271793.8711326,
    1702271793.9711373,
    1702271794.071104,
    1702271794.1711025
  ],
  "hlv_system": [
    [
      0.0,
      1.0,
      1.0,
      1000.0,
      0.001433999976143241,
      100.0,
      4.072395324707031
    ],
    [
      0.0,
      1.0,
      1.0,
      0.0,
      0.0,
      100.0,
      4.067935943603516
    ],
    [
      0.0,
      1.0,
      1.0,
      0.0,
      0.0,
      100.0,
      4.067935943603516
    ],
    [
      0.0,
      1.0,
      1.0,
      0.0,
      0.0,
      100.0,
      4.067935943603516
    ],
    [
      0.0,
      1.0,
      1.0,
      0.0,
      0.0,
      100.0,
      4.067935943603516
    ],
    [
      0.0,
      1.0,
      1.0,
      0.0,
      0.0,
      100.0,
      4.067935943603516
    ],
    [
      0.0,
      1.0,
      1.0,
      1000.0,
      0.001433999976143241,
      100.0,
      4.039824962615967
    ],
    [
      0.0,
      1.0,
      1.0,
      1000.0,
      0.001433999976143241,
      100.0,
      4.039824962615967
    ],
    [
      0.0,
      1.0,
      1.0,
      1000.0,
      0.001433999976143241,
      100.0,
      4.039824962615967
    ],
    [
      0.0,
      1.0,
      1.0,
      1000.0,
      0.001433999976143241,
      100.0,
      4.039824962615967
    ],
    [
      0.0,
      1.0,
      1.0,
      1000.0,
      0.001433999976143241,
      100.0,
      4.039824962615967
    ],
    [
      0.0,
      1.0,
      1.0,
      0.0,
      0.0,
      100.0,
      4.034680366516113
    ],
    [
      0.0,
      1.0,
      1.0,
      0.0,
      0.0,
      100.0,
      4.034680366516113
    ],
    [
      0.0,
      1.0,
      1.0,
      0.0,
      0.0,
      100.0,
      4.034680366516113
    ],
    [
      0.0,
      1.0,
      1.0,
      0.0,
      0.0,
      100.0,
      4.034680366516113
    ],
    [
      0.0,
      1.0,
      1.0,
      0.0,
      0.0,
      100.0,
      4.034680366516113
    ],
    [
      0.0,
      1.0,
      1.0,
      1000.0,
      0.001433999976143241,
      100.0,
      4.038932800292969
    ],
    [
      0.0,
      1.0,
      1.0,
      1000.0,
      0.001433999976143241,
      100.0,
      4.038932800292969
    ],
    [
      0.0,
      1.0,
      1.0,
      1000.0,
      0.001433999976143241,
      100.0,
      4.038932800292969
    ],
    [
      0.0,
      1.0,
      1.0,
      1000.0,
      0.001433999976143241,
      100.0,
      4.038932800292969
    ],
    [
      0.0,
      1.0,
      1.0,
      1000.0,
      0.001433999976143241,
      100.0,
      4.038932800292969
    ],
    [
      0.0,
      1.0,
      1.0,
      0.0,
      0.0,
      100.0,
      4.117915153503418
    ],
    [
      0.0,
      1.0,
      1.0,
      0.0,
      0.0,
      100.0,
      4.117915153503418
    ],
    [
      0.0,
      1.0,
      1.0,
      0.0,
      0.0,
      100.0,
      4.117915153503418
    ],
    [
      0.0,
      1.0,
      1.0,
      0.0,
      0.0,
      100.0,
      4.117915153503418
    ],
    [
      0.0,
      1.0,
      1.0,
      0.0,
      0.0,
      100.0,
      4.117915153503418
    ],
    [
      0.0,
      1.0,
      1.0,
      1000.0,
      0.001433999976143241,
      100.0,
      4.374602317810059
    ],
    [
      0.0,
      1.0,
      1.0,
      1000.0,
      0.001433999976143241,
      100.0,
      4.374602317810059
    ],
    [
      0.0,
      1.0,
      1.0,
      1000.0,
      0.001433999976143241,
      100.0,
      4.374602317810059
    ],
    [
      0.0,
      1.0,
      1.0,
      1000.0,
      0.001433999976143241,
      100.0,
      4.374602317810059
    ],
    [
      0.0,
      1.0,
      1.0,
      1000.0,
      0.001433999976143241,
      100.0,
      4.374602317810059
    ],
    [
      0.0,
      1.0,
      1.0,
      0.0,
      0.0,
      100.0,
      4.902516841888428
    ],
    [
      0.0,
      1.0,
      1.0,
      0.0,
      0.0,
      100.0,
      4.902516841888428
    ],
    [
      0.0,
      1.0,
      1.0,
      0.0,
      0.0,
      100.0,
      4.902516841888428
    ],
    [
      0.0,
      1.0,
      1.0,
      0.0,
      0.0,
      100.0,
      4.902516841888428
    ],
    [
      0.0,
      1.0,
      1.0,
      0.0,
      0.0,
      100.0,
      4.902516841888428
    ],
    [
      0.0,
      1.0,
      1.0,
      1000.0,
      0.001433999976143241,
      100.0,
      5.692201137542725
    ],
    [
      0.0,
      1.0,
      1.0,
      1000.0,
      0.001433999976143241,
      100.0,
      5.692201137542725
    ],
    [
      0.0,
      1.0,
      1.0,
      1000.0,
      0.001433999976143241,
      100.0,
      5.692201137542725
    ],
    [
      0.0,
      1.0,
      1.0,
      1000.0,
      0.001433999976143241,
      100.0,
      5.692201137542725
    ],
    [
      0.0,
      1.0,
      1.0,
      1000.0,
      0.001433999976143241,
      100.0,
      5.692201137542725
    ],
    [
      0.0,
      1.0,
      1.0,
      0.0,
      0.0,
      100.0,
      6.739870548248291
    ],
    [
      0.0,
      1.0,
      1.0,
      0.0,
      0.0,
      100.0,
      6.739870548248291
    ],
    [
      0.0,
      1.0,
      1.0,
      0.0,
      0.0,
      100.0,
      6.739870548248291
    ],
    [
      0.0,
      1.0,
      1.0,
      0.0,
      0.0,
      100.0,
      6.739870548248291
    ],
    [
      0.0,
      1.0,
      1.0,
      0.0,
      0.0,
      100.0,
      6.739870548248291
    ],
    [
      0.0,
      1.0,
      1.0,
      1000.0,
      0.001433999976143241,
      100.0,
      8.076857566833496
    ],
    [
      0.0,
      1.0,
      1.0,
      1000.0,
      0.001433999976143241,
      100.0,
      8.076857566833496
    ],
    [
      0.0,
      1.0,
      1.0,
      1000.0,
      0.001433999976143241,
      100.0,
      8.076857566833496
    ],
    [
      0.0,
      1.0,
      1.0,
      1000.0,
      0.001433999976143241,
      100.0,
      8.076857566833496
    ],
    [
      0.0,
      1.0,
      1.0,
      1000.0,
      0.001433999976143241,
      100.0,
      8.076857566833496
    ],
    [
      0.0,
      1.0,
      1.0,
      0.0,
      0.0,
      100.0,
      9.780467987060547
    ]
  ],